Site	Protein(s)	Amino acid(s)	Radicality	Coverage	MAC	MAF
C648G	E(D)	F27L(H87D)	CON(RAD)	7557	87	0.011512504962286622
G944T	J	V33L	CON	6876	110	0.015997673065735893
T1307C	F	Y103H	RAD	7076	96	0.013566986998304126
C1460A	F	Q154K	RAD	8050	4620	0.5739130434782609
T1956G	F	V319G	CON	8985	111	0.012353923205342237
G2275A	F	M425I	CON	7787	7221	0.9273147553615
T2321C	INT	INT	INT	7833	163	0.020809396144516788
T2329A	INT	INT	INT	8017	122	0.015217662467257078
T2330A	INT	INT	INT	8052	120	0.014903129657228018
C2971T	H	A14V	CON	6476	94	0.014515132798023472
G3339A	H	D137N	RAD	8203	7874	0.9598927221748141
A5360C	A*/A(B)	I288I/I460I(K96Q)	SYN/SYN(RAD)	6230	84	0.01348314606741573
