Site	Protein(s)	Amino acid(s)	Radicality	Coverage	MAC	MAF
C648G	E(D)	F27L(H87D)	CON(RAD)	2116	30	0.014177693761814745
C1460A	F	Q154K	RAD	2360	1393	0.5902542372881356
A1637G	F	M213V	CON	2455	32	0.013034623217922607
T1956G	F	V319G	CON	2499	25	0.010004001600640256
G2275A	F	M425I	CON	2264	2071	0.9147526501766784
A2276T	F	T426S	CON	2205	59	0.026757369614512472
C2971T	H	A14V	CON	1948	20	0.01026694045174538
G3339A	H	D137N	RAD	2440	2231	0.9143442622950819
A5360C	A*/A(B)	I288I/I460I(K96Q)	SYN/SYN(RAD)	1849	26	0.014061654948620876
