Site	Protein(s)	Amino acid(s)	Radicality	Coverage	MAC	MAF
G2275A	F	M425I	CON	23974	23796	0.9925752898973889
G3339A	H	D137N	RAD	24816	24760	0.9977433913604127
